{"parent": "minecraft:item/generated", "textures": {"layer0": "minecraft:item/etc/400/0083"}, "display": {"ground": {"rotation": [0, 0, 0], "translation": [0, 2, 0], "scale": [0.390625, 0.296875, 0.5]}, "gui": {"rotation": [0, 0, 0], "translation": [0, 0, 0], "scale": [0.78125, 0.59375, 1]}, "thirdperson_righthand": {"rotation": [0, 0, 0], "translation": [0, 3, 1], "scale": [0.42968750000000006, 0.32656250000000003, 0.55]}, "firstperson_righthand": {"rotation": [0, -90, 25], "translation": [1.13, 3.2, 1.13], "scale": [0.53125, 0.40375000000000005, 0.68]}}}