{"parent": "minecraft:item/generated", "textures": {"layer0": "minecraft:item/etc/238/8004"}, "display": {"ground": {"rotation": [0, 0, 0], "translation": [0, 2, 0], "scale": [0.421875, 0.59375, 0.5]}, "gui": {"rotation": [0, 0, 0], "translation": [0, 0, 0], "scale": [0.84375, 1.1875, 1]}, "thirdperson_righthand": {"rotation": [0, 0, 0], "translation": [0, 3, 1], "scale": [0.46406250000000004, 0.6531250000000001, 0.55]}, "firstperson_righthand": {"rotation": [0, -90, 25], "translation": [1.13, 3.2, 1.13], "scale": [0.5737500000000001, 0.8075000000000001, 0.68]}}}