{"parent": "minecraft:item/generated", "textures": {"layer0": "minecraft:item/equip/gloves/magician/blue_arten"}, "display": {"ground": {"rotation": [0, 0, 0], "translation": [0, 2, 0], "scale": [0.4375, 0.453125, 0.5]}, "gui": {"rotation": [0, 0, 0], "translation": [0, 0, 0], "scale": [0.875, 0.90625, 1]}, "thirdperson_righthand": {"rotation": [0, 0, 0], "translation": [0, 3, 1], "scale": [0.48125000000000007, 0.49843750000000003, 0.55]}, "firstperson_righthand": {"rotation": [0, -90, 25], "translation": [1.13, 3.2, 1.13], "scale": [0.5950000000000001, 0.6162500000000001, 0.68]}}}